{"name":"cd22af31-1ea6-428e-9e6a-f485eaff8de9","id":"/providers/Microsoft.Flow/flows/cd22af31-1ea6-428e-9e6a-f485eaff8de9","type":"Microsoft.Flow/flows","properties":{"apiId":"/providers/Microsoft.PowerApps/apis/shared_logicflows","displayName":"QA filter oct 31","definition":{"metadata":{"workflowEntityId":null,"processAdvisorMetadata":null,"flowChargedByPaygo":null,"flowclientsuspensionreason":"None","flowclientsuspensiontime":null,"flowclientsuspensionreasondetails":null,"creator":{"id":"37979fb2-617b-445c-b3e0-a2f5921b5450","type":"User","tenantId":"f6156a01-7c5b-4c82-b9ba-5750c109536e"},"provisioningMethod":"FromDefinition","failureAlertSubscription":true,"clientLastModifiedTime":"2023-11-30T06:46:35.5617863Z","connectionKeySavedTimeKey":"2023-11-30T06:46:35.5617863Z"},"$schema":"https://schema.management.azure.com/providers/Microsoft.Logic/schemas/2016-06-01/workflowdefinition.json#","contentVersion":"1.0.0.0","parameters":{"$connections":{"defaultValue":{},"type":"Object"},"$authentication":{"defaultValue":{},"type":"SecureObject"}},"triggers":{"manual":{"metadata":{"operationMetadataId":"9658dbf4-ea19-4273-bdc1-4dc9c7543351"},"type":"Request","kind":"Button","inputs":{"schema":{"type":"object","properties":{},"required":[]}}}},"actions":{"List_rows_present_in_a_table":{"runAfter":{},"metadata":{"01BUWYVYPXFNCYMRLIG5BIYRAHWXA6LXHG":"/power Automate test/QA redsox oct mnth.xlsx","operationMetadataId":"486917e3-6636-4cb6-80db-e0a0b4ce630e","tableId":"{88036EDE-6AB0-43A0-992C-EAB4DA946EB4}"},"type":"OpenApiConnection","inputs":{"host":{"apiId":"/providers/Microsoft.PowerApps/apis/shared_excelonlinebusiness","connectionName":"shared_excelonlinebusiness","operationId":"GetItems"},"parameters":{"source":"me","drive":"b!rXOGte5W7ECpGxwk-x2O81D40Itn70dCk9oxmDCSpMStC9whly2QQrMN_57RyOh5","file":"01BUWYVYPXFNCYMRLIG5BIYRAHWXA6LXHG","table":"{88036EDE-6AB0-43A0-992C-EAB4DA946EB4}","dateTimeFormat":"ISO 8601"},"authentication":{"value":"@json(decodeBase64(triggerOutputs().headers['X-MS-APIM-Tokens']))['$ConnectionKey']","type":"Raw"}}},"Select":{"runAfter":{"List_rows_present_in_a_table":["Succeeded"]},"metadata":{"operationMetadataId":"c8349b67-b21c-4520-b5d6-ec3bd9faf2a0"},"type":"Select","inputs":{"from":"@outputs('List_rows_present_in_a_table')?['body/value']","select":{"Employee Email":"@item()?['Email']"}}},"Compose":{"runAfter":{"Select":["Succeeded"]},"metadata":{"operationMetadataId":"84e68332-1b38-4f5a-8242-146135dce254"},"type":"Compose","inputs":"@union(body('Select'),body('Select'))"},"Parse_JSON":{"runAfter":{"Compose":["Succeeded"]},"metadata":{"operationMetadataId":"4f74b803-3b31-4387-bca2-13d18a4529b5"},"type":"ParseJson","inputs":{"content":"@outputs('Compose')","schema":{"type":"array","items":{"type":"object","properties":{"Employee Email":{"type":"string"}},"required":["Employee Email"]}}}},"Apply_to_each":{"foreach":"@body('Parse_JSON')","actions":{"Compose_2":{"runAfter":{},"metadata":{"operationMetadataId":"84eeed2f-68f4-4218-8f6a-9f07f11bed6e"},"type":"Compose","inputs":"@items('Apply_to_each')['Employee Email']"},"Filter_array":{"runAfter":{"Compose_2":["Succeeded"]},"metadata":{"operationMetadataId":"af53cb9f-19de-473b-b1b4-ef1e3cda4e2d"},"type":"Query","inputs":{"from":"@outputs('List_rows_present_in_a_table')?['body/value']","where":"@equals(item()?['Email'], outputs('Compose_2'))"}},"Create_HTML_table":{"runAfter":{"Filter_array":["Succeeded"]},"metadata":{"operationMetadataId":"085bc794-56df-49f1-a31e-17e901f77c75"},"type":"Table","inputs":{"from":"@body('Filter_array')","format":"HTML","columns":[{"header":"QA_Date","value":"@formatdatetime(item()?['QA Date'], 'dd-MM-yyyy')"},{"header":"Updated_by","value":"@item()?['Updated By']"},{"header":"Contact_ID","value":"@item()?['Contact_x002e_ID']"},{"header":"Status","value":"@item()?['Status']"},{"header":"URL","value":"@if (or(equals(item()?['Contact Name'], ''), contains(item()?['Contact Name'], 'htt')), concat('<a href=','\"https://internal.mymediainfo.com/mmi/dataentry/outletedit.jsp?m=e&o=',item()?['Contact_x002e_ID'],'&pageid=1&proid=2&p=0\"','>link to item</a>') , concat('<a href=','\"https://internal.mymediainfo.com/mmi/contactedit.jsp?m=e&c=',item()?['Contact_x002e_ID'],'&pageID=1\"','>link to item</a>'))\r\n"},{"header":"Comments","value":"@item()?['Comments']"}]}},"Style":{"runAfter":{"Create_HTML_table":["Succeeded"]},"metadata":{"operationMetadataId":"b6b3d04b-870b-4e0e-a950-aaf78ad8f74f"},"type":"Compose","inputs":"<style>\ntable {\n  border: 1px solid #1C6EA4;\n  background-color: #EEEEEE;\n  width: 100%;\n  text-align: left;\n  border-collapse: collapse;\n}\ntable td, table th {\n  border: 1px solid #AAAAAA;\n  padding: 3px 2px;\n}\ntable tbody td {\n  font-size: 13px;\n}\ntable thead {\n  background: #1C6EA4;\n  border-bottom: 2px solid #444444;\n}\ntable thead th {\n  font-size: 15px;\n  font-weight: bold;\n  color: #FFFFFF;\n  border-left: 2px solid #D0E4F5;\n}\ntable thead th:first-child {\n  border-left: none;\n}\n</style>"},"Send_an_email_(V2)":{"runAfter":{"Style":["Succeeded"]},"metadata":{"operationMetadataId":"f01fc87f-5e59-4048-b514-95f063d14c9f"},"type":"OpenApiConnection","inputs":{"host":{"apiId":"/providers/Microsoft.PowerApps/apis/shared_office365","connectionName":"shared_office365","operationId":"SendEmailV2"},"parameters":{"emailMessage/To":"@outputs('Compose_2')","emailMessage/Subject":"test","emailMessage/Body":"<p>@{replace(replace(replace(body('Create_HTML_table'),'&lt;','<'),'&gt;','>'),'&quot;','\"') }@{outputs('Style')}<br>\n<br>\nPlease click here for more details&nbsp;</p>","emailMessage/Importance":"Normal"},"authentication":{"value":"@json(decodeBase64(triggerOutputs().headers['X-MS-APIM-Tokens']))['$ConnectionKey']","type":"Raw"}}}},"runAfter":{"Parse_JSON":["Succeeded"]},"metadata":{"operationMetadataId":"8f2c5bbf-39df-49dd-969f-9dbcc4bcf83a"},"type":"Foreach"}}},"connectionReferences":{"shared_excelonlinebusiness":{"connectionName":"shared-excelonlinebu-c5a9d4f5-3f23-4955-8991-6d180d2b9eb3","source":"Invoker","id":"/providers/Microsoft.PowerApps/apis/shared_excelonlinebusiness","tier":"NotSpecified"},"shared_office365":{"connectionName":"shared-office365-e7c788fc-c152-4c9a-96d8-cafd2a16939e","source":"Invoker","id":"/providers/Microsoft.PowerApps/apis/shared_office365","tier":"NotSpecified"}},"flowFailureAlertSubscribed":false,"isManaged":false}}